,text,favorited,favoriteCount,replyToSN,created,truncated,replyToSID,id,replyToUID,statusSource,screenName,retweetCount,isRetweet,retweeted,longitude,latitude,label
1,It's the last week of classes #UBuffalo! <U+0001F499> You can do it <U+0001F44F> Summer is just around the corner <U+0001F60E><U+2600><U+FE0F> (<U+0001F4F7> insta: shangzhen… https://t.co/elv1SJOkqK,FALSE,54,NA,05/06/2019 16:30,TRUE,NA,1.12544E+18,NA,"<a href=""https://prod2.sprinklr.com"" rel=""nofollow"">Sprinklr Publisher</a>",UBuffalo,9,FALSE,FALSE,NA,NA,0
2,@UBWomensSoccer <U+0001F499> Great job Emily!,FALSE,3,UBWomensSoccer,05/05/2019 23:54,FALSE,1.12518E+18,1.12519E+18,1322881909,"<a href=""http://twitter.com"" rel=""nofollow"">Twitter Web Client</a>",UBuffalo,0,FALSE,FALSE,NA,NA,0
3,@UBwomenshoops @UBCoachJack @CDillard24 @minnesotalynx Congrats @CDillard24 <U+0001F918><U+0001F3FC><U+0001F499><U+0001F918><U+0001F3FC>,FALSE,6,UBwomenshoops,05/05/2019 23:52,FALSE,1.12518E+18,1.12519E+18,764413795,"<a href=""http://twitter.com"" rel=""nofollow"">Twitter Web Client</a>",UBuffalo,0,FALSE,FALSE,NA,NA,0
4,@UBmenshoops @cj_ball_is_LIfe <U+0001F918><U+0001F3FC>@cj_ball_is_LIfe we are so proud!,FALSE,20,UBmenshoops,05/05/2019 23:50,FALSE,1.12518E+18,1.12519E+18,764395134,"<a href=""http://twitter.com"" rel=""nofollow"">Twitter Web Client</a>",UBuffalo,2,FALSE,FALSE,NA,NA,0
5,"Hey #UBuffalo share your best campus pix, can you top this birds eye view from @JLynchDO ? <U+0001F918><U+0001F3FC> https://t.co/EjdG0Wsj4F",FALSE,9,NA,05/05/2019 23:49,FALSE,NA,1.12519E+18,NA,"<a href=""http://twitter.com"" rel=""nofollow"">Twitter Web Client</a>",UBuffalo,2,FALSE,FALSE,NA,NA,0
6,@JLynchDO @Delta @KaleidaHealth @UBMDEmergMed @ubmdems @BfloBizFirst @ubalumni Now that is a birds eye #UBuffalo vi… https://t.co/MTWZNVU9ws,FALSE,0,JLynchDO,05/05/2019 23:46,TRUE,1.12514E+18,1.12519E+18,3165849458,"<a href=""http://twitter.com"" rel=""nofollow"">Twitter Web Client</a>",UBuffalo,0,FALSE,FALSE,NA,NA,0
7,@Alnutt41 <U+0001F918><U+0001F3FC>to all our #UBuffalo student athletes!,FALSE,6,Alnutt41,05/05/2019 23:44,FALSE,1.12518E+18,1.12518E+18,260531972,"<a href=""http://twitter.com"" rel=""nofollow"">Twitter Web Client</a>",UBuffalo,0,FALSE,FALSE,NA,NA,0
8,@UB_Wrestling @alsteen1127 @sam_mitchell34 <U+0001F918><U+0001F3FC>,FALSE,2,UB_Wrestling,05/05/2019 19:43,FALSE,1.12506E+18,1.12512E+18,385711264,"<a href=""http://twitter.com"" rel=""nofollow"">Twitter Web Client</a>",UBuffalo,1,FALSE,FALSE,NA,NA,0
9,@CoachValletta <U+0001F44F><U+0001F3FB><U+0001F918><U+0001F3FC>,FALSE,0,CoachValletta,05/05/2019 1:09,FALSE,1.12478E+18,1.12484E+18,2670189114,"<a href=""http://twitter.com"" rel=""nofollow"">Twitter Web Client</a>",UBuffalo,0,FALSE,FALSE,NA,NA,0
10,"Things are getting muddy! <U+0001F3D0><U+0001F4A6> Crews are out preparing for Oozefest, a #UBuffalo tradition! <U+0001F918> https://t.co/4ZxpCS6T0D",FALSE,65,NA,05/04/2019 0:16,FALSE,NA,1.12447E+18,NA,"<a href=""http://twitter.com/download/iphone"" rel=""nofollow"">Twitter for iPhone</a>",UBuffalo,7,FALSE,FALSE,NA,NA,0
11,"One order of mealworms, coming right up! <U+0001F354> #UBuffalo student team hopes their 'bug burger' could provide a… https://t.co/CDv75PuYi2",FALSE,7,NA,05/03/2019 15:34,TRUE,NA,1.12434E+18,NA,"<a href=""https://prod2.sprinklr.com"" rel=""nofollow"">Sprinklr Publisher</a>",UBuffalo,2,FALSE,FALSE,NA,NA,0
12,#RBG is coming to #WNY! <U+2696><U+FE0F> We are pleased to announce that U.S. Supreme Court Justice Ruth Bader Ginsburg will visi… https://t.co/LgzFoJkuWi,FALSE,190,NA,05/02/2019 18:05,TRUE,NA,1.12401E+18,NA,"<a href=""http://twitter.com"" rel=""nofollow"">Twitter Web Client</a>",UBuffalo,33,FALSE,FALSE,NA,NA,0
13,@IGOTsCHUpbach @ubalumni https://t.co/EdY0s1oRV7,FALSE,1,IGOTsCHUpbach,05/02/2019 17:34,FALSE,1.124E+18,1.124E+18,1135729890,"<a href=""http://twitter.com"" rel=""nofollow"">Twitter Web Client</a>",UBuffalo,0,FALSE,FALSE,NA,NA,0
14,@mimih44857 <U+0001F499>,FALSE,0,mimih44857,05/02/2019 15:57,FALSE,1.12396E+18,1.12398E+18,924058902,"<a href=""http://twitter.com"" rel=""nofollow"">Twitter Web Client</a>",UBuffalo,0,FALSE,FALSE,NA,NA,0
15,@ErinRowleyMLS @UBLibraries @UBGSE <U+0001F499>,FALSE,0,ErinRowleyMLS,05/02/2019 15:57,FALSE,1.12397E+18,1.12398E+18,331747503,"<a href=""http://twitter.com"" rel=""nofollow"">Twitter Web Client</a>",UBuffalo,0,FALSE,FALSE,NA,NA,0
16,@KeepUpWhitMe <U+0001F499>,FALSE,1,KeepUpWhitMe,05/02/2019 15:57,FALSE,1.12397E+18,1.12398E+18,4651134378,"<a href=""http://twitter.com"" rel=""nofollow"">Twitter Web Client</a>",UBuffalo,0,FALSE,FALSE,NA,NA,0
17,@UBSchoolofMGT @FoodBankofWNY @UBCommunity @UBMBAandMS @UBPMBA @UB_EMBA @UB_MgtAlumni <U+0001F499>,FALSE,2,UBSchoolofMGT,05/02/2019 13:42,FALSE,1.12394E+18,1.12395E+18,615288467,"<a href=""http://twitter.com"" rel=""nofollow"">Twitter Web Client</a>",UBuffalo,0,FALSE,FALSE,NA,NA,0
18,@saefarq <U+0001F499>,FALSE,1,saefarq,05/02/2019 13:30,FALSE,1.12379E+18,1.12394E+18,23457580,"<a href=""http://twitter.com"" rel=""nofollow"">Twitter Web Client</a>",UBuffalo,0,FALSE,FALSE,NA,NA,0
19,@UBhrGuru <U+0001F499>,FALSE,0,UBhrGuru,05/02/2019 13:11,FALSE,1.12378E+18,1.12394E+18,9.70912E+17,"<a href=""http://twitter.com"" rel=""nofollow"">Twitter Web Client</a>",UBuffalo,0,FALSE,FALSE,NA,NA,0
20,@theAJWilcox <U+0001F499>,FALSE,0,theAJWilcox,05/02/2019 13:03,FALSE,1.12393E+18,1.12394E+18,1454320392,"<a href=""http://twitter.com"" rel=""nofollow"">Twitter Web Client</a>",UBuffalo,0,FALSE,FALSE,NA,NA,0
21,@LaVareJoe @UBAthletics <U+0001F499>,FALSE,0,LaVareJoe,05/01/2019 15:09,FALSE,1.12359E+18,1.12361E+18,612182065,"<a href=""http://twitter.com"" rel=""nofollow"">Twitter Web Client</a>",UBuffalo,0,FALSE,FALSE,NA,NA,0
22,@LivoniaHS <U+0001F918><U+0001F918><U+0001F918><U+0001F918>,FALSE,1,LivoniaHS,05/01/2019 15:02,FALSE,1.1236E+18,1.1236E+18,2154920124,"<a href=""http://twitter.com"" rel=""nofollow"">Twitter Web Client</a>",UBuffalo,0,FALSE,FALSE,NA,NA,0
23,Raising a <U+0001F942> to #UBClassOf2019! <U+0001F499> Less than 3<U+FE0F><U+20E3> weeks until commencement weekend at #UBuffalo <U+0001F389> https://t.co/1lEDJ8F6GS,FALSE,75,NA,05/01/2019 14:04,FALSE,NA,1.12359E+18,NA,"<a href=""http://twitter.com/download/iphone"" rel=""nofollow"">Twitter for iPhone</a>",UBuffalo,9,FALSE,FALSE,NA,NA,0
24,The countdown to commencement is on at #UBuffalo! <U+0001F393><U+0001F918> See the full #UBClassof2019 schedule of events:… https://t.co/Mm3s7l012T,FALSE,11,NA,04/30/2019 19:05,TRUE,NA,1.1233E+18,NA,"<a href=""http://twitter.com"" rel=""nofollow"">Twitter Web Client</a>",UBuffalo,1,FALSE,FALSE,NA,NA,0
25,Achieving excellence <U+0001F3C5> #UBuffalo's 15th annual Celebration of Student Academic Excellence recognized students' outs… https://t.co/4JKrfdzYA8,FALSE,16,NA,04/29/2019 21:30,TRUE,NA,1.12298E+18,NA,"<a href=""http://twitter.com"" rel=""nofollow"">Twitter Web Client</a>",UBuffalo,3,FALSE,FALSE,NA,NA,0
26,Doing the dishes has its benefits <U+0001F963> A new #UBuffalo study finds that even light physical activity can significantly… https://t.co/gHhVXzdk7U,FALSE,1,NA,04/26/2019 15:48,TRUE,NA,1.1218E+18,NA,"<a href=""https://prod2.sprinklr.com"" rel=""nofollow"">Sprinklr Publisher</a>",UBuffalo,0,FALSE,FALSE,NA,NA,0
27,@Anastasiya_Kobr Congratulations!! <U+0001F918><U+0001F499>,FALSE,1,Anastasiya_Kobr,04/26/2019 2:11,FALSE,1.1216E+18,1.1216E+18,1.09354E+18,"<a href=""http://twitter.com"" rel=""nofollow"">Twitter Web Client</a>",UBuffalo,0,FALSE,FALSE,NA,NA,0
28,@nepenthe______ @UBCommunity <U+0001F499><U+0001F499><U+0001F499>,FALSE,1,nepenthe______,04/24/2019 20:28,FALSE,1.12097E+18,1.12115E+18,1.09519E+18,"<a href=""http://twitter.com"" rel=""nofollow"">Twitter Web Client</a>",UBuffalo,0,FALSE,FALSE,NA,NA,0
29,@Schenck_Tyler Hi Tyler - Do you mind sending us a DM so we can help connect you?,FALSE,0,Schenck_Tyler,04/24/2019 12:26,FALSE,1.12078E+18,1.12103E+18,427585537,"<a href=""http://twitter.com"" rel=""nofollow"">Twitter Web Client</a>",UBuffalo,0,FALSE,FALSE,NA,NA,0
30,Zapping away bacteria <U+0001F9A0><U+26A1><U+FE0F>Electrical stimulation may help prevent #Infection after #JointReplacement surgery says… https://t.co/i6V04Se4u0,FALSE,9,NA,04/23/2019 19:43,TRUE,NA,1.12078E+18,NA,"<a href=""https://prod2.sprinklr.com"" rel=""nofollow"">Sprinklr Publisher</a>",UBuffalo,0,FALSE,FALSE,NA,NA,0
31,Taking steps to go green is easier than you think. Here are some tips to embrace #EarthDay at #UBuffalo <U+0001F49A>… https://t.co/vHSNXDVxET,FALSE,28,NA,04/22/2019 21:16,TRUE,NA,1.12044E+18,NA,"<a href=""http://twitter.com"" rel=""nofollow"">Twitter Web Client</a>",UBuffalo,3,FALSE,FALSE,NA,NA,0
32,@UBCampusDining @UBLittleBlue @UBBigBlue <U+0001F60B>,FALSE,1,UBCampusDining,04/12/2019 15:14,FALSE,1.11671E+18,1.11672E+18,31121092,"<a href=""http://twitter.com"" rel=""nofollow"">Twitter Web Client</a>",UBuffalo,0,FALSE,FALSE,NA,NA,0
33,@haleyy_atkinss We're a big fan of Stella's <U+0001F60D><U+0001F499>,FALSE,1,haleyy_atkinss,04/12/2019 1:59,FALSE,1.11648E+18,1.11652E+18,534718836,"<a href=""http://twitter.com"" rel=""nofollow"">Twitter Web Client</a>",UBuffalo,0,FALSE,FALSE,NA,NA,0
34,@IGOTsCHUpbach And we love Pippa!!<U+0001F60D><U+0001F499>,FALSE,4,IGOTsCHUpbach,04/11/2019 17:33,FALSE,1.11639E+18,1.11639E+18,1135729890,"<a href=""http://twitter.com"" rel=""nofollow"">Twitter Web Client</a>",UBuffalo,0,FALSE,FALSE,NA,NA,0
35,@S_Maciejewski <U+0001F60D><U+0001F918><U+0001F3FC>,FALSE,0,S_Maciejewski,04/11/2019 16:53,FALSE,1.11638E+18,1.11638E+18,211859440,"<a href=""http://twitter.com"" rel=""nofollow"">Twitter Web Client</a>",UBuffalo,0,FALSE,FALSE,NA,NA,0
36,Adora-bull!!<U+0001F60D><U+0001F499> Let's see how blue your pet is! Tweet us a photo of your favorite pet using #UBuffalo and we'll shar… https://t.co/xQJ33t93iA,FALSE,9,NA,04/11/2019 16:41,TRUE,NA,1.11638E+18,NA,"<a href=""http://twitter.com"" rel=""nofollow"">Twitter Web Client</a>",UBuffalo,0,FALSE,FALSE,NA,NA,0
37,"More speed, less boom <U+0001F507>Creating a new class of aircraft that's quieter, less expensive, and significantly faster is… https://t.co/PZBJyRphkK",FALSE,2,NA,04/11/2019 16:12,TRUE,NA,1.11637E+18,NA,"<a href=""http://twitter.com"" rel=""nofollow"">Twitter Web Client</a>",UBuffalo,1,FALSE,FALSE,NA,NA,0
38,Calling all seniors!<U+0001F389><U+0001F393> Grab the glue sticks and add some personality to your grad cap tomorrow at @UB_SA's Trick Ou… https://t.co/6yadbDab0Z,FALSE,17,NA,04/10/2019 20:28,TRUE,NA,1.11608E+18,NA,"<a href=""http://twitter.com"" rel=""nofollow"">Twitter Web Client</a>",UBuffalo,3,FALSE,FALSE,NA,NA,0
39,"Setting the stage! #UBuffalo team representing the U.S. in ""the World Cup of theatre performance design"" is gearing… https://t.co/5hM8iZpNEz",FALSE,3,NA,04/10/2019 17:18,TRUE,NA,1.11603E+18,NA,"<a href=""https://prod2.sprinklr.com"" rel=""nofollow"">Sprinklr Publisher</a>",UBuffalo,0,FALSE,FALSE,NA,NA,0
40,@August___West @ubalumni Adora-bull!! <U+0001F60D><U+0001F499>,FALSE,0,August___West,04/10/2019 15:13,FALSE,1.11573E+18,1.116E+18,3826498347,"<a href=""http://twitter.com"" rel=""nofollow"">Twitter Web Client</a>",UBuffalo,0,FALSE,FALSE,NA,NA,0
41,"Minecraft or minefield? <U+0001F3AE> Violent video games alone do not lead to aggressive behavior, #UBuffalo researcher says,… https://t.co/WbHRX6l9KQ",FALSE,5,NA,04/09/2019 16:35,TRUE,NA,1.11565E+18,NA,"<a href=""https://prod2.sprinklr.com"" rel=""nofollow"">Sprinklr Publisher</a>",UBuffalo,0,FALSE,FALSE,NA,NA,0
42,A wild way to learn! #WNY high school students took part in Science Exploration Day at #UBuffalo to see how science… https://t.co/tliziM8KEf,FALSE,9,NA,04/08/2019 21:23,TRUE,NA,1.11536E+18,NA,"<a href=""http://twitter.com"" rel=""nofollow"">Twitter Web Client</a>",UBuffalo,0,FALSE,FALSE,NA,NA,0
43,One of the best. Traditions. Ever. <U+0001F3D0><U+0001F918> Take a look back at the muddy moments of #UBuffalo Oozefest 2019:… https://t.co/ZJytVTNtCx,FALSE,14,NA,05/06/2019 20:20,TRUE,NA,1.1255E+18,NA,"<a href=""http://twitter.com/download/iphone"" rel=""nofollow"">Twitter for iPhone</a>",UBStudentExp,4,FALSE,FALSE,NA,NA,0
44,Your Oozefest 2019 champions are... The Sheepherders! <U+0001F44F><U+0001F3D0> This is their 4 championship in 26 years! #UBuffalo https://t.co/fU2qS2DnwC,FALSE,31,NA,05/04/2019 20:49,FALSE,NA,1.12478E+18,NA,"<a href=""http://twitter.com/download/iphone"" rel=""nofollow"">Twitter for iPhone</a>",UBStudentExp,3,FALSE,FALSE,NA,NA,0
45,"Our 2019 costume contest winners with 30 year Oozefest veterans, Poached Trout! #UBuffalo https://t.co/tkUR3rIgGP",FALSE,12,NA,05/04/2019 16:50,FALSE,NA,1.12472E+18,NA,"<a href=""http://twitter.com/download/iphone"" rel=""nofollow"">Twitter for iPhone</a>",UBStudentExp,1,FALSE,FALSE,NA,NA,0
46,There’s no better way to blow off some steam before finals. <U+0001F4F8> See more from Oozefest on our Instagram.… https://t.co/0UuMr83LTW,FALSE,22,NA,05/04/2019 16:01,TRUE,NA,1.12471E+18,NA,"<a href=""http://twitter.com/download/iphone"" rel=""nofollow"">Twitter for iPhone</a>",UBStudentExp,3,FALSE,FALSE,NA,NA,0
47,@JillRexKuhn @UBuffalo <U+0001F918><U+0001F499>,FALSE,0,JillRexKuhn,05/04/2019 15:53,FALSE,1.1247E+18,1.1247E+18,731912382,"<a href=""http://twitter.com/download/iphone"" rel=""nofollow"">Twitter for iPhone</a>",UBStudentExp,0,FALSE,FALSE,NA,NA,0
48,Game on! <U+0001F3D0> The 35th Annual #UBuffalo Oozefest is underway! https://t.co/Y6T5eN5Cys,FALSE,26,NA,05/04/2019 13:09,FALSE,NA,1.12466E+18,NA,"<a href=""http://twitter.com/download/iphone"" rel=""nofollow"">Twitter for iPhone</a>",UBStudentExp,3,FALSE,FALSE,NA,NA,0
49,Huge shoutout to Getzville Fire for always making sure The Mud Pit is ready for the big day! <U+0001F44F> #UBuffalo https://t.co/6V6R3igDZZ,FALSE,13,NA,05/04/2019 2:25,FALSE,NA,1.1245E+18,NA,"<a href=""http://twitter.com"" rel=""nofollow"">Twitter Web Client</a>",UBStudentExp,0,FALSE,FALSE,NA,NA,0
50,Yesterday we celebrated the accomplishments of the #UBClassOf2019! See more photos from Senior Brunch:… https://t.co/V3ByvRx6W1,FALSE,12,NA,05/02/2019 18:28,TRUE,NA,1.12402E+18,NA,"<a href=""http://twitter.com/download/iphone"" rel=""nofollow"">Twitter for iPhone</a>",UBStudentExp,2,FALSE,FALSE,NA,NA,0
51,Thanks to everyone in the #UBuffalo community who is participating in #UBGivingDay! <U+0001F499> Your generosity will positive… https://t.co/dbColNs3VI,FALSE,11,NA,05/01/2019 20:32,TRUE,NA,1.12369E+18,NA,"<a href=""http://twitter.com/download/iphone"" rel=""nofollow"">Twitter for iPhone</a>",UBStudentExp,4,FALSE,FALSE,NA,NA,0
52,"Cheers, #UBClassOf2019! <U+0001F942> Here’s to all of the hard work, lessons learned, experience gained and friendships forged… https://t.co/OCgBDIcEHT",FALSE,9,NA,05/01/2019 18:11,TRUE,NA,1.12365E+18,NA,"<a href=""http://twitter.com/download/iphone"" rel=""nofollow"">Twitter for iPhone</a>",UBStudentExp,0,FALSE,FALSE,NA,NA,0
53,Miss today’s Chill Out event? There are lots of ways we can still help. Learn to manage your stress or find someone… https://t.co/LJIkBa3gnD,FALSE,0,NA,04/30/2019 22:25,TRUE,NA,1.12335E+18,NA,"<a href=""https://prod1.sprinklr.com"" rel=""nofollow"">Sprinklr Publishing</a>",UBStudentExp,0,FALSE,FALSE,NA,NA,0
54,Last Chance! <U+0001F3D0> Team up before #UBuffalo Oozefest registration closes on May 1st! https://t.co/o1bA1rIn0N https://t.co/esahk1eHBj,FALSE,6,NA,04/30/2019 21:00,FALSE,NA,1.12333E+18,NA,"<a href=""http://twitter.com"" rel=""nofollow"">Twitter Web Client</a>",UBStudentExp,3,FALSE,FALSE,NA,NA,0
55,"@Barb405 @UBuffalo @UBHonors @UBCAS We're sorry to say that they will not. However, students in need of some puppy… https://t.co/CdLS0V1G8M",FALSE,1,Barb405,04/30/2019 19:10,TRUE,1.1233E+18,1.1233E+18,8.09299E+17,"<a href=""http://twitter.com"" rel=""nofollow"">Twitter Web Client</a>",UBStudentExp,0,FALSE,FALSE,NA,NA,0
56,Therapy <U+0001F436> Pups <U+0001F60D> Take the very best break today in SU 145 and snuggle some doggos! #UBuffalo https://t.co/IOtE3NlKDz,FALSE,63,NA,04/30/2019 16:01,FALSE,NA,1.12326E+18,NA,"<a href=""http://twitter.com/download/iphone"" rel=""nofollow"">Twitter for iPhone</a>",UBStudentExp,5,FALSE,FALSE,NA,NA,0
57,"Finals are a stressful time of year for everyone. Take a break to Chill Out TOMORROW (4/30), and learn healthy ways… https://t.co/bfy2Bm6AWu",FALSE,2,NA,04/29/2019 21:32,TRUE,NA,1.12298E+18,NA,"<a href=""https://prod1.sprinklr.com"" rel=""nofollow"">Sprinklr Publishing</a>",UBStudentExp,0,FALSE,FALSE,NA,NA,0
58,Signs of Spring <U+0001F337><U+0001F33C> #UBuffalo https://t.co/AEXihuQ4pO,FALSE,29,NA,04/29/2019 18:08,FALSE,NA,1.12293E+18,NA,"<a href=""http://twitter.com/download/iphone"" rel=""nofollow"">Twitter for iPhone</a>",UBStudentExp,2,FALSE,FALSE,NA,NA,0
59,Know your status! Student Health Services and the PRIDE Center are offering FREE HIV testing to the #UBuffalo commu… https://t.co/rHSRHOm6w1,FALSE,0,NA,04/26/2019 14:41,TRUE,NA,1.12179E+18,NA,"<a href=""https://prod1.sprinklr.com"" rel=""nofollow"">Sprinklr Publishing</a>",UBStudentExp,0,FALSE,FALSE,NA,NA,0
60,"#UBClassof2019: In addition to your commencement ceremony, you may also choose to participate in a #UBuffalo Recogn… https://t.co/0NihPGiwlX",FALSE,7,NA,04/25/2019 17:33,TRUE,NA,1.12147E+18,NA,"<a href=""https://prod1.sprinklr.com"" rel=""nofollow"">Sprinklr Publishing</a>",UBStudentExp,1,FALSE,FALSE,NA,NA,0
61,Celebrate all the accomplishments and contributions that best exemplify the #UBuffalo spirit of academic achievemen… https://t.co/03w4Y6gHlo,FALSE,7,NA,04/24/2019 15:00,TRUE,NA,1.12107E+18,NA,"<a href=""https://prod1.sprinklr.com"" rel=""nofollow"">Sprinklr Publishing</a>",UBStudentExp,0,FALSE,FALSE,NA,NA,0
62,Ready to get dirty and blow off some steam before finals? Teams wanted for Oozefest. <U+0001F3D0> https://t.co/o1bA1rIn0N… https://t.co/bn3E6VNE1E,FALSE,16,NA,04/24/2019 12:50,TRUE,NA,1.12103E+18,NA,"<a href=""https://prod1.sprinklr.com"" rel=""nofollow"">Sprinklr Publishing</a>",UBStudentExp,1,FALSE,FALSE,NA,NA,0
63,"Stress is a normal reaction. Even if you can't avoid it, you can often lower your stress levels just by taking bett… https://t.co/0kYf1bBHpl",FALSE,5,NA,04/23/2019 14:00,TRUE,NA,1.12069E+18,NA,"<a href=""https://prod1.sprinklr.com"" rel=""nofollow"">Sprinklr Publishing</a>",UBStudentExp,0,FALSE,FALSE,NA,NA,0
64,Planning to travel abroad? Make a travel medicine appointment with Health Services to talk through health concerns… https://t.co/kD0eNLK3T9,FALSE,1,NA,04/22/2019 21:00,TRUE,NA,1.12043E+18,NA,"<a href=""https://prod1.sprinklr.com"" rel=""nofollow"">Sprinklr Publishing</a>",UBStudentExp,0,FALSE,FALSE,NA,NA,0
65,"#UBuffalo Grief Counseling Available:
- Student Union Room 145A-B through 7 pm today
- Students in crisis may also… https://t.co/V2xEXbIZ5D",FALSE,3,NA,04/18/2019 16:01,TRUE,NA,1.11891E+18,NA,"<a href=""https://prod1.sprinklr.com"" rel=""nofollow"">Sprinklr Publishing</a>",UBStudentExp,0,FALSE,FALSE,NA,NA,0
66,"Heads up, #UBuffalo! The last day to resign classes is this Friday, April 19th! <U+0001F4C5> Talk to your advisor first, so yo… https://t.co/BJYP4Mvl8o",FALSE,2,NA,04/15/2019 14:28,TRUE,NA,1.1178E+18,NA,"<a href=""https://prod1.sprinklr.com"" rel=""nofollow"">Sprinklr Publishing</a>",UBStudentExp,1,FALSE,FALSE,NA,NA,0
67,"From suspender-wearers and superheroes to big wheel bikers and attitude adjusters, #UBuffalo Oozefest is always ful… https://t.co/G2mb6V9mAA",FALSE,8,NA,04/11/2019 23:20,TRUE,NA,1.11648E+18,NA,"<a href=""http://twitter.com/download/iphone"" rel=""nofollow"">Twitter for iPhone</a>",UBStudentExp,2,FALSE,FALSE,NA,NA,0
68,Love to tweet? Is your Insta game on point? <U+0001F4F1>We’re hiring a creative &amp; outgoing student assistant to share what it… https://t.co/pxWe0BD8M8,FALSE,7,NA,04/11/2019 19:25,TRUE,NA,1.11642E+18,NA,"<a href=""http://twitter.com/download/iphone"" rel=""nofollow"">Twitter for iPhone</a>",UBStudentExp,1,FALSE,FALSE,NA,NA,0
69,"Congratulations, Cierra! <U+0001F64C>#UBhornsUP<U+0001F918> #UBuffalo https://t.co/dpv9uk70Di",FALSE,54,NA,04/11/2019 0:57,FALSE,NA,1.11614E+18,NA,"<a href=""http://twitter.com/download/iphone"" rel=""nofollow"">Twitter for iPhone</a>",UBStudentExp,3,FALSE,FALSE,NA,NA,0
70,"Take your ideas from concept to creation! <U+0001F4A1> Register for Buffalo Startup Weekend, April 26-28 and learn about innov… https://t.co/NcmOyWvoQH",FALSE,4,NA,04/10/2019 19:32,TRUE,NA,1.11606E+18,NA,"<a href=""http://twitter.com"" rel=""nofollow"">Twitter Web Client</a>",UBStudentExp,1,FALSE,FALSE,NA,NA,0
71,"We've got a lot of visitors on campus today, #UBuffalo. Give yourself a few extra minutes to get where you need to… https://t.co/gdntLW8nOu",FALSE,9,NA,04/07/2019 13:36,TRUE,NA,1.11488E+18,NA,"<a href=""http://twitter.com"" rel=""nofollow"">Twitter Web Client</a>",UBStudentExp,0,FALSE,FALSE,NA,NA,0
72,"@a_nicodemo The best one you can participate in, that is. <U+0001F60A>",FALSE,0,a_nicodemo,04/05/2019 15:32,FALSE,1.11419E+18,1.11419E+18,1872356892,"<a href=""http://twitter.com"" rel=""nofollow"">Twitter Web Client</a>",UBStudentExp,0,FALSE,FALSE,NA,NA,0
73,"That Friday Feeling <U+0001F64C><U+0001F389> After you’re done jumping for joy, get your Oozefest teams together and registered this week… https://t.co/SwxRrT67px",FALSE,10,NA,04/05/2019 15:01,TRUE,NA,1.11418E+18,NA,"<a href=""http://twitter.com/download/iphone"" rel=""nofollow"">Twitter for iPhone</a>",UBStudentExp,1,FALSE,FALSE,NA,NA,0
74,"Learn how to meditate or simply enjoy a few calming, reflective hours to yourself at the Mindfulness Retreat next F… https://t.co/ShJ72ot9sg",FALSE,1,NA,04/04/2019 14:37,TRUE,NA,1.11381E+18,NA,"<a href=""https://prod1.sprinklr.com"" rel=""nofollow"">Sprinklr Publishing</a>",UBStudentExp,0,FALSE,FALSE,NA,NA,0
75,Busses leave from Greiner and Goodyear for the Fashion Outlets of Niagara Falls at noon this Saturday. <U+0001F68C> Pick up yo… https://t.co/8OcYKinFTU,FALSE,1,NA,04/03/2019 17:54,TRUE,NA,1.1135E+18,NA,"<a href=""http://twitter.com"" rel=""nofollow"">Twitter Web Client</a>",UBStudentExp,0,FALSE,FALSE,NA,NA,0
76,"If you've completed and tracked 500 hours on service using UBLinked, you are elegible to receive honor cords at gra… https://t.co/pgzNwhP0EG",FALSE,3,NA,04/03/2019 14:05,TRUE,NA,1.11344E+18,NA,"<a href=""https://prod1.sprinklr.com"" rel=""nofollow"">Sprinklr Publishing</a>",UBStudentExp,0,FALSE,FALSE,NA,NA,0
77,"Snow or not, it’s food truck season <U+0001F60D><U+0001F44F> #UBuffalo https://t.co/R2gxEw4NXI",FALSE,26,NA,04/02/2019 17:52,FALSE,NA,1.11314E+18,NA,"<a href=""http://twitter.com/download/iphone"" rel=""nofollow"">Twitter for iPhone</a>",UBStudentExp,2,FALSE,FALSE,NA,NA,0
78,"Learn how to use yoga to create more vitality and balance at Universal Design Yoga! <U+0001F9D8> Safe, welcoming and comfortab… https://t.co/UhrfknYweA",FALSE,0,NA,04/02/2019 14:13,TRUE,NA,1.11308E+18,NA,"<a href=""https://prod1.sprinklr.com"" rel=""nofollow"">Sprinklr Publishing</a>",UBStudentExp,0,FALSE,FALSE,NA,NA,0
79,Don’t let a dead battery or a flat tire leave you stranded. <U+0001F699><U+0001F926><U+0001F3FB><U+200D><U+2640><U+FE0F> Get going again thanks to @ubparking’s Motorist… https://t.co/MfJK9UJZBI,FALSE,1,NA,04/01/2019 20:35,TRUE,NA,1.11282E+18,NA,"<a href=""http://twitter.com/download/iphone"" rel=""nofollow"">Twitter for iPhone</a>",UBStudentExp,0,FALSE,FALSE,NA,NA,0
80,Go Trippin' next Saturday (4/6) and shop new spring styles at the Fashion Outlets of Niagara Falls! <U+0001F39F> Get your FREE… https://t.co/lTsxlHwPY6,FALSE,1,NA,03/28/2019 17:06,TRUE,NA,1.11131E+18,NA,"<a href=""http://twitter.com"" rel=""nofollow"">Twitter Web Client</a>",UBStudentExp,0,FALSE,FALSE,NA,NA,0
81,Calling all #UBuffalo students! Don’t forget to complete your campus culture student survey! https://t.co/RjNO37JpvL,FALSE,9,NA,03/27/2019 16:48,FALSE,NA,1.11095E+18,NA,"<a href=""http://twitter.com/download/iphone"" rel=""nofollow"">Twitter for iPhone</a>",UBStudentExp,15,FALSE,FALSE,NA,NA,0
82,"Team &amp; volunteer registration for Oozefest 2019 is now open! <U+0001F64C><U+0001F3D0> Before you can get down and dirty on May 4th, get y… https://t.co/1FXlpdQMAE",FALSE,6,NA,03/26/2019 14:20,TRUE,NA,1.11055E+18,NA,"<a href=""http://twitter.com/download/iphone"" rel=""nofollow"">Twitter for iPhone</a>",UBStudentExp,2,FALSE,FALSE,NA,NA,0
83,@CDillard24 <U+0001F918><U+0001F499>,FALSE,2,CDillard24,03/25/2019 23:13,FALSE,1.11024E+18,1.11032E+18,838713894,"<a href=""http://twitter.com/download/iphone"" rel=""nofollow"">Twitter for iPhone</a>",UBStudentExp,0,FALSE,FALSE,NA,NA,0
84,"A HUGE shoutout to @UBMarchingBand, @UBDazzlers, and @UBCheer for helping all Bulls fans stay loud and proud all se… https://t.co/EV6eDPe3bB",FALSE,44,NA,03/25/2019 18:22,TRUE,NA,1.11025E+18,NA,"<a href=""http://twitter.com/download/iphone"" rel=""nofollow"">Twitter for iPhone</a>",UBStudentExp,5,FALSE,FALSE,NA,NA,0
85,@UBBigBlue Come back soon! Miss you <U+0001F618>,FALSE,2,UBBigBlue,03/25/2019 13:00,FALSE,1.11016E+18,1.11016E+18,2535639948,"<a href=""http://twitter.com/download/iphone"" rel=""nofollow"">Twitter for iPhone</a>",UBStudentExp,0,FALSE,FALSE,NA,NA,0
86,"Hard work. <U+0001F477><U+0001F3FD><U+200D><U+2640><U+FE0F><U+0001F477><U+0001F3FD><U+200D><U+2642><U+FE0F> That’s all we could ask for, and we got heaps of it. Thank you for another historic season… https://t.co/rey5vY96gU",FALSE,62,NA,03/25/2019 1:25,TRUE,NA,1.10999E+18,NA,"<a href=""http://twitter.com/download/iphone"" rel=""nofollow"">Twitter for iPhone</a>",UBStudentExp,8,FALSE,FALSE,NA,NA,0
87,<U+0001F918><U+0001F918><U+0001F918><U+0001F918><U+0001F918> #UBhornsUP #UBuffalo https://t.co/dx7HP7kug1,FALSE,14,NA,03/25/2019 0:27,FALSE,NA,1.10998E+18,NA,"<a href=""http://twitter.com/download/iphone"" rel=""nofollow"">Twitter for iPhone</a>",UBStudentExp,1,FALSE,FALSE,NA,NA,0
88,There’s no denying our perseverance. #UBDancing #UBuffalo https://t.co/eJ2sgJ5ayN,FALSE,5,NA,03/24/2019 23:28,FALSE,NA,1.10996E+18,NA,"<a href=""http://twitter.com/download/iphone"" rel=""nofollow"">Twitter for iPhone</a>",UBStudentExp,0,FALSE,FALSE,NA,NA,0
89,@buffalostate @UBwomenshoops @UBmenshoops https://t.co/FVkOD1kBmj,FALSE,17,buffalostate,03/23/2019 2:04,FALSE,1.10926E+18,1.10927E+18,14002702,"<a href=""http://twitter.com/download/iphone"" rel=""nofollow"">Twitter for iPhone</a>",UBStudentExp,0,FALSE,FALSE,NA,NA,0
90,@UBmenshoops <U+0001F918>,FALSE,4,UBmenshoops,03/22/2019 22:34,FALSE,1.10922E+18,1.10922E+18,764395134,"<a href=""http://twitter.com/download/iphone"" rel=""nofollow"">Twitter for iPhone</a>",UBStudentExp,0,FALSE,FALSE,NA,NA,0
91,Next! <U+0001F918> #UBDancing #UBuffalo https://t.co/M1s2c6bELg,FALSE,9,NA,03/22/2019 22:32,FALSE,NA,1.10922E+18,NA,"<a href=""http://twitter.com/download/iphone"" rel=""nofollow"">Twitter for iPhone</a>",UBStudentExp,2,FALSE,FALSE,NA,NA,0
92,It’s time. #UBhornsUP<U+0001F918> #UBDancing #UBuffalo https://t.co/kE4AsxAR1u,FALSE,5,NA,03/22/2019 20:03,FALSE,NA,1.10918E+18,NA,"<a href=""http://twitter.com/download/iphone"" rel=""nofollow"">Twitter for iPhone</a>",UBStudentExp,1,FALSE,FALSE,NA,NA,0
93,"Congratulations, Chef! <U+0001F64C>  Any chance we'll see some of that venison tenderloin at C3? <U+0001F60D> #UBuffalo https://t.co/s21tVtVIug",FALSE,12,NA,03/21/2019 14:46,FALSE,NA,1.10874E+18,NA,"<a href=""http://twitter.com"" rel=""nofollow"">Twitter Web Client</a>",UBStudentExp,0,FALSE,FALSE,NA,NA,0
94,Congrats @UBmenshoops! <U+0001F389> #UBDancing <U+0001F3C0> #UBhornsUP <U+0001F918> https://t.co/2uT0KrAZrd,FALSE,7,NA,03/17/2019 2:01,FALSE,NA,1.1071E+18,NA,"<a href=""http://twitter.com/download/iphone"" rel=""nofollow"">Twitter for iPhone</a>",UBStudentExp,0,FALSE,FALSE,NA,NA,0
95,@UBmenshoops https://t.co/N20YhvVPTP,FALSE,1,UBmenshoops,03/17/2019 1:29,FALSE,1.10709E+18,1.10709E+18,764395134,"<a href=""http://twitter.com/download/iphone"" rel=""nofollow"">Twitter for iPhone</a>",UBStudentExp,0,FALSE,FALSE,NA,NA,0
96,Congrats @UBwomenshoops!!!! #UBDancing #UBhornsUP<U+0001F918> #UBuffalo https://t.co/z7dUfd458b,FALSE,11,NA,03/16/2019 17:06,FALSE,NA,1.10697E+18,NA,"<a href=""http://twitter.com/download/iphone"" rel=""nofollow"">Twitter for iPhone</a>",UBStudentExp,2,FALSE,FALSE,NA,NA,0
97,@UBwomenshoops https://t.co/QxYc0msFLZ,FALSE,1,UBwomenshoops,03/16/2019 16:14,FALSE,1.10695E+18,1.10695E+18,764413795,"<a href=""http://twitter.com/download/iphone"" rel=""nofollow"">Twitter for iPhone</a>",UBStudentExp,0,FALSE,FALSE,NA,NA,0
98,@UBmenshoops https://t.co/iTIX6EUdrv,FALSE,30,UBmenshoops,03/16/2019 0:43,FALSE,1.10672E+18,1.10672E+18,764395134,"<a href=""http://twitter.com/download/iphone"" rel=""nofollow"">Twitter for iPhone</a>",UBStudentExp,1,FALSE,FALSE,NA,NA,0
99,This is a lot closer than we thought it would be! <U+0001F605>,FALSE,0,UBStudentExp,03/15/2019 17:24,FALSE,1.10633E+18,1.10661E+18,119885955,"<a href=""http://twitter.com/download/iphone"" rel=""nofollow"">Twitter for iPhone</a>",UBStudentExp,0,FALSE,FALSE,NA,NA,0
100,Both of today's games will be on the big screen in the Student Union. #ClevelandIsTheReason #UBhornsUP<U+0001F918> https://t.co/TixjbggnBu,FALSE,1,NA,03/15/2019 13:53,FALSE,NA,1.10655E+18,NA,"<a href=""http://twitter.com"" rel=""nofollow"">Twitter Web Client</a>",UBStudentExp,1,FALSE,FALSE,NA,NA,0
101,"<U+0001F967> vs <U+0001F535>. Thoughts, #UBuffalo? #PieDay",FALSE,0,NA,03/14/2019 22:44,FALSE,NA,1.10633E+18,NA,"<a href=""http://twitter.com/download/iphone"" rel=""nofollow"">Twitter for iPhone</a>",UBStudentExp,0,FALSE,FALSE,NA,NA,0
102,"Rain or shine, we’ll take it! #Good2BeBlue https://t.co/vEBCvMK5i6",FALSE,1,NA,03/14/2019 18:44,FALSE,NA,1.10626E+18,NA,"<a href=""http://twitter.com/download/iphone"" rel=""nofollow"">Twitter for iPhone</a>",UBStudentExp,0,FALSE,FALSE,NA,NA,0
103,@UBmenshoops https://t.co/FDP1Q3hvpO,FALSE,3,UBmenshoops,03/14/2019 17:58,FALSE,1.10625E+18,1.10625E+18,764395134,"<a href=""http://twitter.com/download/iphone"" rel=""nofollow"">Twitter for iPhone</a>",UBStudentExp,0,FALSE,FALSE,NA,NA,0
104,"While our @UBmenshoops are going to work in Cleveland, we’re in Alumni helping our job-ready Bulls look for work at… https://t.co/r67j57JD2z",FALSE,6,NA,03/14/2019 17:13,TRUE,NA,1.10624E+18,NA,"<a href=""http://twitter.com/download/iphone"" rel=""nofollow"">Twitter for iPhone</a>",UBStudentExp,0,FALSE,FALSE,NA,NA,0
105,"If you are financially struggling after an emergency, #UBuffalo’s Student Emergency Funds may be able to help. <U+0001F499>… https://t.co/MCwnkNdZB6",FALSE,2,NA,03/13/2019 23:20,TRUE,NA,1.10597E+18,NA,"<a href=""https://prod1.sprinklr.com"" rel=""nofollow"">Sprinklr Publishing</a>",UBStudentExp,0,FALSE,FALSE,NA,NA,0
106,Reminder: The deadline for registering for the LEAD UB Conference is TODAY! Learn about leadership and diversity wi… https://t.co/yevAB2LsOH,FALSE,0,NA,02/15/2019 16:30,TRUE,NA,1.09645E+18,NA,"<a href=""https://prod1.sprinklr.com"" rel=""nofollow"">Sprinklr Publishing</a>",UBStudentExp,0,FALSE,FALSE,NA,NA,0
107,Feel the love! Free hugs <U+0001F917> and therapy doggie snuggles <U+0001F436> have us feeling warm and #Good2BeBlue on this cold winter… https://t.co/UIZHTrWoGx,FALSE,9,NA,02/14/2019 17:00,TRUE,NA,1.09609E+18,NA,"<a href=""http://twitter.com/download/iphone"" rel=""nofollow"">Twitter for iPhone</a>",UBStudentExp,2,FALSE,FALSE,NA,NA,0
108,"Happy Valentine's Day! <U+0001F499> Come celebrate your love for yourself, your partner, friends, and our #UBuffalo community… https://t.co/bplB3a5Yjg",FALSE,6,NA,02/14/2019 15:01,TRUE,NA,1.09606E+18,NA,"<a href=""https://prod1.sprinklr.com"" rel=""nofollow"">Sprinklr Publishing</a>",UBStudentExp,2,FALSE,FALSE,NA,NA,0
109,Come roller skate with friends <U+0001F46B> or a date <U+2764><U+FE0F> while enjoying a night of music and free food in SU Lobby on Feb 15.… https://t.co/jsbvk9AzuL,FALSE,4,NA,02/13/2019 21:59,TRUE,NA,1.0958E+18,NA,"<a href=""https://prod1.sprinklr.com"" rel=""nofollow"">Sprinklr Publishing</a>",UBStudentExp,1,FALSE,FALSE,NA,NA,0
110,"Eat healthy! <U+0001F347><U+0001F952> @WholeFoods has all kinds of fresh, natural and organic groceries - especially great for special di… https://t.co/SZyg0amk9Q",FALSE,0,NA,02/13/2019 18:36,TRUE,NA,1.09575E+18,NA,"<a href=""https://prod1.sprinklr.com"" rel=""nofollow"">Sprinklr Publishing</a>",UBStudentExp,0,FALSE,FALSE,NA,NA,0
111,Reminder: Discuss the proposed fees for the 2019-2020 academic year with the fee stewards from various university o… https://t.co/8n1M3KnSpC,FALSE,0,NA,02/13/2019 17:16,TRUE,NA,1.09573E+18,NA,"<a href=""https://prod1.sprinklr.com"" rel=""nofollow"">Sprinklr Publishing</a>",UBStudentExp,0,FALSE,FALSE,NA,NA,0
112,Know your status! Student Health Services and the PRIDE Center are offering FREE HIV testing to the #UBuffalo commu… https://t.co/QoNF2gTWwb,FALSE,0,NA,02/13/2019 15:37,TRUE,NA,1.09571E+18,NA,"<a href=""https://prod1.sprinklr.com"" rel=""nofollow"">Sprinklr Publishing</a>",UBStudentExp,0,FALSE,FALSE,NA,NA,0
113,Reminder: #UBuffalo Emergency Management's interactive session on Western New York winter weather is tomorrow night… https://t.co/7yl1mjmgO2,FALSE,0,NA,02/13/2019 0:00,TRUE,NA,1.09547E+18,NA,"<a href=""http://twitter.com"" rel=""nofollow"">Twitter Web Client</a>",UBStudentExp,0,FALSE,FALSE,NA,NA,0
114,Completing the National College Health Assessment helps us understand where our students need additional support. W… https://t.co/RPLoBdDTCX,FALSE,1,NA,02/12/2019 16:00,TRUE,NA,1.09535E+18,NA,"<a href=""https://prod1.sprinklr.com"" rel=""nofollow"">Sprinklr Publishing</a>",UBStudentExp,0,FALSE,FALSE,NA,NA,0
115,Understanding Your Fees: The annual broad-based fee consultation process is now underway through Feb. 22. Attend We… https://t.co/8m2xO8LIW6,FALSE,1,NA,02/11/2019 19:35,TRUE,NA,1.09504E+18,NA,"<a href=""https://prod1.sprinklr.com"" rel=""nofollow"">Sprinklr Publishing</a>",UBStudentExp,0,FALSE,FALSE,NA,NA,0
116,"Do you want to make new friends, try new activities, and join new clubs? Or do you want to attend a workshop to lea… https://t.co/pFIRuxFNsE",FALSE,2,NA,02/11/2019 16:00,TRUE,NA,1.09499E+18,NA,"<a href=""https://prod1.sprinklr.com"" rel=""nofollow"">Sprinklr Publishing</a>",UBStudentExp,1,FALSE,FALSE,NA,NA,0
117,"https://t.co/iWSQ6Q5WhT
Graduating students, the 2019 African, Latino, Asian, Native American (ALANA) Celebration o… https://t.co/7yrdY5n5Qu",FALSE,1,NA,02/09/2019 17:59,TRUE,NA,1.09429E+18,NA,"<a href=""https://prod1.sprinklr.com"" rel=""nofollow"">Sprinklr Publishing</a>",UBStudentExp,0,FALSE,FALSE,NA,NA,0
118,"https://t.co/GoNoQuroCO
<U+0001F33B> Spring will be here before you know it! Head to the Fashion Outlets mall to freshen up yo… https://t.co/NVLFVzzTLN",FALSE,1,NA,02/08/2019 16:32,TRUE,NA,1.09391E+18,NA,"<a href=""https://prod1.sprinklr.com"" rel=""nofollow"">Sprinklr Publishing</a>",UBStudentExp,0,FALSE,FALSE,NA,NA,0
119,You can’t be too prepared for winter weather. <U+0001F328><U+2744><U+FE0F> Get lots of information about winter weather in Western New York… https://t.co/St1pzMMTfJ,FALSE,0,NA,02/07/2019 21:16,TRUE,NA,1.09362E+18,NA,"<a href=""https://prod1.sprinklr.com"" rel=""nofollow"">Sprinklr Publishing</a>",UBStudentExp,0,FALSE,FALSE,NA,NA,0
120,"Stay active and healthy! <U+0001F3C3><U+0001F3FD><U+200D><U+2640><U+FE0F><U+0001F4AA><U+0001F3FC> Hit the Alumni Arena gym, residence hall gyms, or head off campus to nearby… https://t.co/ukSAoSaNKw",FALSE,1,NA,02/07/2019 18:37,TRUE,NA,1.09358E+18,NA,"<a href=""https://prod1.sprinklr.com"" rel=""nofollow"">Sprinklr Publishing</a>",UBStudentExp,0,FALSE,FALSE,NA,NA,0
121,"Thankfully, it hasn’t been quite as cold this week. Still, be careful and stay safe in this freezing rain and ice,… https://t.co/rHNOwVx41k",FALSE,4,NA,02/06/2019 22:13,TRUE,NA,1.09327E+18,NA,"<a href=""http://twitter.com/download/iphone"" rel=""nofollow"">Twitter for iPhone</a>",UBStudentExp,1,FALSE,FALSE,NA,NA,0
122,"Share tea, snacks &amp; conversation with students from all cultures at International Tea Time! <U+2615><U+FE0F> Tonight and every We… https://t.co/gq6lKOMP6K",FALSE,2,NA,02/06/2019 18:47,TRUE,NA,1.09322E+18,NA,"<a href=""https://prod1.sprinklr.com"" rel=""nofollow"">Sprinklr Publishing</a>",UBStudentExp,0,FALSE,FALSE,NA,NA,0
123,"Students who practice mindfulness and meditation are less-stressed, sleep better, and have more self-compassion. Le… https://t.co/j3EmeyNBgc",FALSE,0,NA,02/06/2019 15:40,TRUE,NA,1.09317E+18,NA,"<a href=""https://prod1.sprinklr.com"" rel=""nofollow"">Sprinklr Publishing</a>",UBStudentExp,0,FALSE,FALSE,NA,NA,0
124,Take the UB the Impact Challenge! Complete and track 500 hours on service using UBLinked to receive service cords a… https://t.co/BOcCQNSRyd,FALSE,0,NA,02/05/2019 21:43,TRUE,NA,1.0929E+18,NA,"<a href=""https://prod1.sprinklr.com"" rel=""nofollow"">Sprinklr Publishing</a>",UBStudentExp,0,FALSE,FALSE,NA,NA,0
125,"Reminder: If you still want to make changes to your class schedule, you can! The spring 2019 undergraduate and grad… https://t.co/7WF1eQVhc9",FALSE,1,NA,02/05/2019 17:17,TRUE,NA,1.09283E+18,NA,"<a href=""https://prod1.sprinklr.com"" rel=""nofollow"">Sprinklr Publishing</a>",UBStudentExp,1,FALSE,FALSE,NA,NA,0
126,Did you know recycled <U+0001F384>'s  and student volunteers are saving the coastline? Alternative Break participants contribu… https://t.co/hj8VHqoZAS,FALSE,4,NA,02/04/2019 20:55,TRUE,NA,1.09253E+18,NA,"<a href=""https://prod1.sprinklr.com"" rel=""nofollow"">Sprinklr Publishing</a>",UBStudentExp,2,FALSE,FALSE,NA,NA,0
127,"Update: Due to unforeseen circumstances, Saturdays of Service have been cancelled for February, March, and April. U… https://t.co/jdyfLXY7Z8",FALSE,0,UBStudentExp,02/01/2019 17:29,TRUE,1.08568E+18,1.09139E+18,119885955,"<a href=""http://twitter.com"" rel=""nofollow"">Twitter Web Client</a>",UBStudentExp,0,FALSE,FALSE,NA,NA,0
128,Reminder: Orientation Leader applications are due today! #UBuffalo https://t.co/0cPsMjGogS,FALSE,0,NA,02/01/2019 14:03,FALSE,NA,1.09134E+18,NA,"<a href=""http://twitter.com"" rel=""nofollow"">Twitter Web Client</a>",UBStudentExp,0,FALSE,FALSE,NA,NA,0
129,Update: The university has extended the spring 2019 undergraduate and graduate regular session drop/add deadline th… https://t.co/5YNWke7Mfo,FALSE,1,UBStudentExp,02/01/2019 13:47,TRUE,1.09036E+18,1.09133E+18,119885955,"<a href=""http://twitter.com"" rel=""nofollow"">Twitter Web Client</a>",UBStudentExp,0,FALSE,FALSE,NA,NA,0
130,"If you or someone you know is struggling after a financial emergency, we may be able to help. <U+0001F499>… https://t.co/W52z7Y8qY3",FALSE,1,NA,01/31/2019 15:54,TRUE,NA,1.091E+18,NA,"<a href=""https://prod1.sprinklr.com"" rel=""nofollow"">Sprinklr Publishing</a>",UBStudentExp,1,FALSE,FALSE,NA,NA,0
131,"The drop/add deadline is Monday, February 4th! Don't wait, consult your advisor, and make those final adjustments t… https://t.co/IFOS9r3EhX",FALSE,2,NA,01/29/2019 21:34,TRUE,NA,1.09036E+18,NA,"<a href=""https://prod1.sprinklr.com"" rel=""nofollow"">Sprinklr Publishing</a>",UBStudentExp,0,FALSE,FALSE,NA,NA,0
132,"""I'm Hanna Hall, a 5'3"" Division 1 point guard from the University at  Buffalo and I struggle with mental illness e… https://t.co/MkbQz7nA59",FALSE,3291,NA,05/06/2019 16:17,TRUE,NA,1.12543E+18,NA,"<a href=""https://ads.twitter.com"" rel=""nofollow"">Twitter Ads</a>",UBAthletics,1134,FALSE,FALSE,NA,NA,0
133,"Villarini And Burke Named Athletes Of The Week

https://t.co/PBWvjjAlES

#UBHornsUp https://t.co/Bzim9zqdjY",FALSE,17,NA,05/06/2019 15:26,FALSE,NA,1.12542E+18,NA,"<a href=""https://about.twitter.com/products/tweetdeck"" rel=""nofollow"">TweetDeck</a>",UBAthletics,3,FALSE,FALSE,NA,NA,0
134,"Check out some of the best moments from tonight’s The Victors celebration

https://t.co/vlvLh3mOFs

#UBHornsUp",FALSE,29,NA,05/06/2019 1:02,FALSE,NA,1.1252E+18,NA,"<a href=""https://about.twitter.com/products/tweetdeck"" rel=""nofollow"">TweetDeck</a>",UBAthletics,11,FALSE,FALSE,NA,NA,0
135,And The Victors are underway! https://t.co/CwWVTPv5Ez,FALSE,27,NA,05/05/2019 22:58,FALSE,NA,1.12517E+18,NA,"<a href=""http://twitter.com/download/iphone"" rel=""nofollow"">Twitter for iPhone</a>",UBAthletics,2,FALSE,FALSE,NA,NA,0
136,"Great article about our UB student-athletes give back to the community https://t.co/WvfAYrOqqD

#UBhornsUP",FALSE,37,NA,05/01/2019 13:16,FALSE,NA,1.12358E+18,NA,"<a href=""https://about.twitter.com/products/tweetdeck"" rel=""nofollow"">TweetDeck</a>",UBAthletics,12,FALSE,FALSE,NA,NA,0
137,"Schwarz And Gilfus Named Athletes Of The Week

https://t.co/zDs0f6P06T

#UBhornsUP https://t.co/Nu5QglQkGJ",FALSE,42,NA,04/29/2019 15:57,FALSE,NA,1.12289E+18,NA,"<a href=""https://about.twitter.com/products/tweetdeck"" rel=""nofollow"">TweetDeck</a>",UBAthletics,8,FALSE,FALSE,NA,NA,0
138,Come on out and support @ubwomentennis this afternoon at Miller Tennis Center in the MAC Semifinals against Akron a… https://t.co/0IJv9b4mVE,FALSE,8,NA,04/27/2019 13:41,TRUE,NA,1.12213E+18,NA,"<a href=""https://about.twitter.com/products/tweetdeck"" rel=""nofollow"">TweetDeck</a>",UBAthletics,5,FALSE,FALSE,NA,NA,0
139,"Come cheer on @ubwomentennis in the @MACSports tournament tomorrow at 2pm vs. Western Michigan! Location TBD.

<U+0001F3BE> Fr… https://t.co/MOVFChUSER",FALSE,22,NA,04/25/2019 19:04,TRUE,NA,1.12149E+18,NA,"<a href=""http://twitter.com/download/iphone"" rel=""nofollow"">Twitter for iPhone</a>",UBAthletics,7,FALSE,FALSE,NA,NA,0
140,"#StrikeOutCancer

Come out and support @UBBullssoftball Friday afternoon when they host Kent State at 3pm!… https://t.co/yoTeHe3TBm",FALSE,38,NA,04/23/2019 17:35,TRUE,NA,1.12074E+18,NA,"<a href=""http://twitter.com/download/iphone"" rel=""nofollow"">Twitter for iPhone</a>",UBAthletics,20,FALSE,FALSE,NA,NA,0
141,"Villarini And Wray Named Athletes Of The Week

https://t.co/B7jeBO39T5

#UBhornsUP https://t.co/nYL4l64V23",FALSE,44,NA,04/22/2019 13:54,FALSE,NA,1.12033E+18,NA,"<a href=""https://about.twitter.com/products/tweetdeck"" rel=""nofollow"">TweetDeck</a>",UBAthletics,8,FALSE,FALSE,NA,NA,0
142,"Through the @BeTheMatch program 
@motwinowski47 of @ubfootball will be donating bone marrow to help save a life!… https://t.co/jjXRv3rqOI",FALSE,104,NA,04/19/2019 18:26,TRUE,NA,1.11931E+18,NA,"<a href=""http://twitter.com"" rel=""nofollow"">Twitter Web Client</a>",UBAthletics,34,FALSE,FALSE,NA,NA,0
143,"Wende And Fridell Named Athletes Of The Week

https://t.co/ex4G0oYj1j

#UBHornsUP https://t.co/AoTxvrZ7yM",FALSE,29,NA,04/15/2019 15:06,FALSE,NA,1.11781E+18,NA,"<a href=""https://about.twitter.com/products/tweetdeck"" rel=""nofollow"">TweetDeck</a>",UBAthletics,6,FALSE,FALSE,NA,NA,0
144,"Hey @UBuffalo students, come have lunch at Miller Tennis Center and support @UBmenstennis for Senior Day!

Free <U+0001F355><U+0001F355>… https://t.co/dY8lJG2pVH",FALSE,19,NA,04/12/2019 13:46,TRUE,NA,1.1167E+18,NA,"<a href=""http://twitter.com/download/iphone"" rel=""nofollow"">Twitter for iPhone</a>",UBAthletics,6,FALSE,FALSE,NA,NA,0
145,Congrats @CDillard24!!#ForeverABull https://t.co/OptwKovYGE,FALSE,246,NA,04/11/2019 0:41,FALSE,NA,1.11614E+18,NA,"<a href=""http://twitter.com/download/iphone"" rel=""nofollow"">Twitter for iPhone</a>",UBAthletics,29,FALSE,FALSE,NA,NA,0
146,"We are aware of the issues on https://t.co/iwgEVkQOvo right now and are working to have it resolved.

Thank you for your patience.",FALSE,6,NA,04/10/2019 15:02,FALSE,NA,1.11599E+18,NA,"<a href=""https://about.twitter.com/products/tweetdeck"" rel=""nofollow"">TweetDeck</a>",UBAthletics,1,FALSE,FALSE,NA,NA,0
147,"Matheney And Patterson Named Athletes Of The Week

https://t.co/hrk4YgXDL3

#UBhornsUP https://t.co/0zbhNmWGgU",FALSE,82,NA,04/08/2019 19:14,FALSE,NA,1.11533E+18,NA,"<a href=""https://about.twitter.com/products/tweetdeck"" rel=""nofollow"">TweetDeck</a>",UBAthletics,18,FALSE,FALSE,NA,NA,0
148,"TOMORROW, Miller Tennis Center is the place to be!!

FREE UB Buffs for the first 100 fans!
2<U+FE0F><U+20E3><U+274E> UB Rewards App poin… https://t.co/iGQtKWA6pY",FALSE,19,NA,04/06/2019 15:08,TRUE,NA,1.11455E+18,NA,"<a href=""http://twitter.com/download/iphone"" rel=""nofollow"">Twitter for iPhone</a>",UBAthletics,8,FALSE,FALSE,NA,NA,0
149,"Miller Tennis Center is the place to be Sunday afternoon!

FREE UB Buffs for the first 100 fans!
2<U+FE0F><U+20E3><U+274E> UB Rewards Ap… https://t.co/yMdXoDX3WQ",FALSE,31,NA,04/03/2019 13:51,TRUE,NA,1.11344E+18,NA,"<a href=""http://twitter.com/download/iphone"" rel=""nofollow"">Twitter for iPhone</a>",UBAthletics,8,FALSE,FALSE,NA,NA,0
150,"Aguon And Burke Named Athletes Of The Week 
https://t.co/GFHpLBacrY

#UBhornsUP https://t.co/gC2Xj4A5Nz",FALSE,47,NA,04/01/2019 17:26,FALSE,NA,1.11277E+18,NA,"<a href=""https://about.twitter.com/products/tweetdeck"" rel=""nofollow"">TweetDeck</a>",UBAthletics,13,FALSE,FALSE,NA,NA,0
151,So you want to work in sports? Want to gain real-life experience in a college athletic setting? We got you covered!… https://t.co/FosoeO5s7y,FALSE,35,NA,03/29/2019 14:53,TRUE,NA,1.11164E+18,NA,"<a href=""http://twitter.com"" rel=""nofollow"">Twitter Web Client</a>",UBAthletics,16,FALSE,FALSE,NA,NA,0
152,"Spoiler Alert ... Victor E. Bull won! 

#mascotdanceoff 

#UBDancing #UBhornsUP https://t.co/Iv4Oq5PlAH",FALSE,59,NA,03/24/2019 23:24,FALSE,NA,1.10996E+18,NA,"<a href=""http://twitter.com/download/iphone"" rel=""nofollow"">Twitter for iPhone</a>",UBAthletics,7,FALSE,FALSE,NA,NA,0
153,@ubalumni @UBmenshoops @UBwomenshoops @UBuffalo <U+0001F499><U+0001F918>,FALSE,1,ubalumni,03/24/2019 23:16,FALSE,1.10996E+18,1.10996E+18,13830252,"<a href=""http://twitter.com/download/iphone"" rel=""nofollow"">Twitter for iPhone</a>",UBAthletics,0,FALSE,FALSE,NA,NA,0
154,"<U+0001F5E3> ROLL CALL

It’s almost game time x 2<U+FE0F><U+20E3> again today! 

Where will you be cheering from as  the Bulls take the cour… https://t.co/u70ag4XyLd",FALSE,130,NA,03/24/2019 21:14,TRUE,NA,1.10993E+18,NA,"<a href=""http://twitter.com/download/iphone"" rel=""nofollow"">Twitter for iPhone</a>",UBAthletics,38,FALSE,FALSE,NA,NA,0
155,Who else is ready to #FlyTheFlag today for @UBwomenshoops &amp; @UBmenshoops 2nd Round NCAA tournament games?!?!… https://t.co/tvH1OmZJGM,FALSE,142,NA,03/24/2019 16:03,TRUE,NA,1.10985E+18,NA,"<a href=""http://twitter.com/download/iphone"" rel=""nofollow"">Twitter for iPhone</a>",UBAthletics,21,FALSE,FALSE,NA,NA,0
156,@UBScience @UBmenshoops @UBwomenshoops <U+0001F499><U+0001F918>,FALSE,1,UBScience,03/24/2019 15:50,FALSE,1.10977E+18,1.10984E+18,257466644,"<a href=""http://twitter.com/download/iphone"" rel=""nofollow"">Twitter for iPhone</a>",UBAthletics,0,FALSE,FALSE,NA,NA,0
157,@August___West @UBuffalo @ubalumni <U+0001F499><U+0001F918>,FALSE,1,August___West,03/24/2019 15:49,FALSE,1.1098E+18,1.10984E+18,3826498347,"<a href=""http://twitter.com/download/iphone"" rel=""nofollow"">Twitter for iPhone</a>",UBAthletics,0,FALSE,FALSE,NA,NA,0
158,"Appreciate the words from Hall of Famer Geno Auriemma!

#UBhornsUP https://t.co/E0Fkj5VpbL",FALSE,153,NA,03/23/2019 18:23,FALSE,NA,1.10952E+18,NA,"<a href=""https://about.twitter.com/products/tweetdeck"" rel=""nofollow"">TweetDeck</a>",UBAthletics,31,FALSE,FALSE,NA,NA,0
159,@UB_XCTF @UBmenshoops @UBwomenshoops <U+0001F499><U+0001F918> #Bulls4Bulls,FALSE,4,UB_XCTF,03/22/2019 22:15,FALSE,1.1092E+18,1.10922E+18,63512853,"<a href=""http://twitter.com/download/iphone"" rel=""nofollow"">Twitter for iPhone</a>",UBAthletics,0,FALSE,FALSE,NA,NA,0
160,#UBDancing https://t.co/pGSfl04g6c,FALSE,23,NA,03/22/2019 22:15,FALSE,NA,1.10922E+18,NA,"<a href=""http://twitter.com/download/iphone"" rel=""nofollow"">Twitter for iPhone</a>",UBAthletics,2,FALSE,FALSE,NA,NA,0
161,@JoshAllenQB <U+0001F499><U+0001F918>,FALSE,53,JoshAllenQB,03/22/2019 22:12,FALSE,1.10918E+18,1.10922E+18,197974180,"<a href=""http://twitter.com/download/iphone"" rel=""nofollow"">Twitter for iPhone</a>",UBAthletics,0,FALSE,FALSE,NA,NA,0
162,UB Alert: Classes and activities on all UB campuses will be cancelled on 1/30 due to severe weather. Updates at… https://t.co/FyEIfE3h1Z,NA,NA,NA,NA,NA,NA,NA,NA,NA,NA,NA,NA,NA,NA,NA,1
163,"In anticipation of severe winter weather, all libraries, except for #UBuffalo’s Health Sciences Library will be clo… https://t.co/Ttn6APCshW",NA,NA,NA,NA,NA,NA,NA,NA,NA,NA,NA,NA,NA,NA,NA,1
164,UBIT Security Alert: Medical School students/faculty/staff receiving the bitcoin threat https://t.co/aH5ej9xwKs,NA,NA,NA,NA,NA,NA,NA,NA,NA,NA,NA,NA,NA,NA,NA,1
165,"On Aug. 1 from 7 a.m. to 12:30 p.m., UB will conduct a full-scale emergency training exercise in and around Hadley… https://t.co/tstCaXgG6m",NA,NA,NA,NA,NA,NA,NA,NA,NA,NA,NA,NA,NA,NA,NA,1
166,Residents are reminded to keep their doors and windows locked and report any suspicious activity to the University… https://t.co/Kix0zcIytm,NA,NA,NA,NA,NA,NA,NA,NA,NA,NA,NA,NA,NA,NA,NA,1
167,Remember to treat a flashing red light as a 4 way stop sign! The traffic lights at Flint/Audubon and Rensch/Audubon… https://t.co/mJRvbYywmm,NA,NA,NA,NA,NA,NA,NA,NA,NA,NA,NA,NA,NA,NA,NA,1
168,High winds have damaged the traffic lights at Flint/Audubon and Rensch/Audubon. Crews are working on them now and t… https://t.co/itIIfJxuR6,NA,NA,NA,NA,NA,NA,NA,NA,NA,NA,NA,NA,NA,NA,NA,1
169,Due to the high wind warning for today University Facilities is asking that you please be sure all windows in your… https://t.co/SwK9MSbPIi,NA,NA,NA,NA,NA,NA,NA,NA,NA,NA,NA,NA,NA,NA,NA,1
170,"All UB classes and activities scheduled for Friday, March 2, 2018 are cancelled due to severe... https://t.co/F2Uoscjt3X",NA,NA,NA,NA,NA,NA,NA,NA,NA,NA,NA,NA,NA,NA,NA,1
171,The National Weather Service has canceled a tornado watch for Western New York. #UBuffalo #UB_Alert https://t.co/ZPsnHvoctW,NA,NA,NA,NA,NA,NA,NA,NA,NA,NA,NA,NA,NA,NA,NA,1
172,Be prepared for traffic interruptions as University At Buffalo Class of 2021 moves in Thursday! https://t.co/Qk8kh3EEnp,NA,NA,NA,NA,NA,NA,NA,NA,NA,NA,NA,NA,NA,NA,NA,1
173,Our Officers are constantly training to prepare for emergencies. https://t.co/wp8IIsFh3q,NA,NA,NA,NA,NA,NA,NA,NA,NA,NA,NA,NA,NA,NA,NA,1
174,@Sal_Valvo There was an alert posted when this incident occurred https://t.co/Ptqsac5vU2,NA,NA,NA,NA,NA,NA,NA,NA,NA,NA,NA,NA,NA,NA,NA,1
175,"Traffic backups reported at Rensch / Sweet Home due to road construction, consider alternate route @UBuffalo @ubparking @amherstpoliceny",NA,NA,NA,NA,NA,NA,NA,NA,NA,NA,NA,NA,NA,NA,NA,1
176,"UBIT SECURITY ALERT, 4/25/2017 - UB Login Phish https://t.co/VGOlnPLcsM",NA,NA,NA,NA,NA,NA,NA,NA,NA,NA,NA,NA,NA,NA,NA,1
